{
  "Category": {
    "Product1": {
      "Picture": "https://htsport.vn/wp-content/uploads/2020/05/1-chien-thuat-bong-da-5-nguoi-kim-cuong-den.jpg",
      "Title": "Pitch 5"
    },
    "Product2": {
      "Picture": "https://tse3.mm.bing.net/th?id=OIP.vs0x1WUCa4DH9LB-ZEgelgHaEv&pid=Api&P=0",
      "Title": "Pitch 7"
    },
    "Product3": {
      "Picture": "https://tse3.mm.bing.net/th?id=OIP.ABFMJjWWuOnVXLShBjiC2AHaEj&pid=Api&P=0",
      "Title": "Pitch 11"
    }
  },
  "Drinkable": {
    "NU01": {
      "Image": "https://foody24h.vn/uploads/collections/dua-xiem-ben-tre-4022-2021-11-075.jpg",
      "Name": "Coconut",
      "Price": "15000"
    },
    "NU02": {
      "Image": "https://images.app.goo.gl/kpsfuZcjQyqEA6Uy5",
      "Name": "Strawberry",
      "Price": "15000"
    },
    "NU03": {
      "Image": "https://images.app.goo.gl/JnuQ2xTh2BfoNVNY9",
      "Name": "Green tea",
      "Price": "12000"
    }
  },
  "Pitch": {
    "SB111": {
      "Description": "Name: Pitch 111 (11 person). Capacity: 11 people. Date: 16/12/2022. Time: 06:30 - 07:30",
      "Fee": "120.000",
      "Start": "4.8",
      "Title": "SB111"
    },
    "SB112": {
      "Description": "Name: Pitch 112 (11 person). Capacity: 11 people. Date: 17/12/2022. Time: 08:50 - 09:50",
      "Fee": "120.000",
      "Start": "4.0",
      "Title": "SB112"
    },
    "SB113": {
      "Description": "Name: Pitch 113 (11 person). Capacity: 11 people. Date: 18/12/2022. Time: 10:00 - 11:00",
      "Fee": "120.000",
      "Start": "4.7",
      "Title": "SB113"
    },
    "SB51": {
      "Description": "Name: Pitch 501 (5 person). Capacity: 5 people. Date: 18/12/2022. Time: 10:00 - 11:00",
      "Fee": "80.000",
      "Start": "4.5",
      "Title": "SB501"
    },
    "SB52": {
      "Description": "Name: Pitch 501 (5 person). Capacity: 5 people. Date: 18/12/2022. Time: 08:50 - 09:50",
      "Fee": "80.000",
      "Start": "4.3",
      "Title": "SB502"
    },
    "SB53": {
      "Description": "Name: Pitch 501 (5 person). Capacity: 5 people. Date: 19/12/2022. Time: 10:00 - 11:00",
      "Fee": "80.000",
      "Start": "4.0",
      "Title": "SB503"
    },
    "SB71": {
      "Description": "Name: Pitch 701 (7 person). Capacity: 7 people. Date: 20/12/2022. Time: 08:50 - 09:50",
      "Fee": "100.000",
      "Start": "4.0",
      "Title": "SB701"
    },
    "SB72": {
      "Description": "Name: Pitch 701 (7 person). Capacity: 7 people. Date: 20/12/2022. Time: 10:00 - 11:00",
      "Fee": "100.000",
      "Start": "4.0",
      "Title": "SB702"
    },
    "SB73": {
      "Description": "Name: Pitch 703 (7 person). Capacity: 7 people. Date: 21/12/2022. Time: 14:00 - 15:00",
      "Fee": "100.000",
      "Start": "4.2",
      "Title": "SB703"
    }
  },
  "PitchModelAd": {
    "-NJzFL--IDWCbs4B5C35": {
      "des": "Pitch 11 person",
      "fee": "SB101",
      "name": "4.5",
      "star": "100000"
    }
  }
}